{
    "kodak_endura_premier_uc": {
        "TH-KG3": {
            "kodak_ektar_100_auc": [
                0.8479029033963322,
                0.8416881484733416,
                0.35
            ],
            "kodak_portra_160_auc": [
                0.836020691489225,
                0.7497044520410887,
                0.35
            ],
            "kodak_portra_400_auc": [
                0.8066726000420145,
                0.7169407643289046,
                0.35
            ],
            "kodak_portra_800_auc": [
                0.8664390882275531,
                0.7396742735371092,
                0.35
            ],
            "kodak_portra_800_push1_auc": [
                0.8878606487620108,
                0.725513527799934,
                0.35
            ],
            "kodak_portra_800_push2_auc": [
                0.8854609237963446,
                0.6584887865094763,
                0.35
            ],
            "kodak_gold_200_auc": [
                0.817163607775005,
                0.6462142559352988,
                0.35
            ],
            "kodak_ultramax_400_auc": [
                0.8099686370218588,
                0.7121780017466992,
                0.35
            ],
            "kodak_vision3_50d_uc": [
                0.713492059847743,
                0.46097811450753173,
                0.35
            ],
            "fujifilm_pro_400h_auc": [
                0.8323184448737058,
                0.7018418556756559,
                0.35
            ],
            "fujifilm_xtra_400_auc": [
                0.7483531216030185,
                0.5172535591469172,
                0.35
            ],
            "fujifilm_c200_auc": [
                0.8830353677981727,
                0.7696250542264523,
                0.35
            ]
        }
    },
    "kodak_ektacolor_edge_uc": {
        "TH-KG3": {
            "kodak_ektar_100_auc": [
                0.9240651782442714,
                0.9002992484827926,
                0.35
            ],
            "kodak_portra_160_auc": [
                0.9198531305393566,
                0.8433774718925048,
                0.35
            ],
            "kodak_portra_400_auc": [
                0.9044715429319826,
                0.8211165961293864,
                0.35
            ],
            "kodak_portra_800_auc": [
                0.9354445942651787,
                0.8398069746729465,
                0.35
            ],
            "kodak_portra_800_push1_auc": [
                0.9453515029421485,
                0.8289915988259295,
                0.35
            ],
            "kodak_portra_800_push2_auc": [
                0.9442063413841961,
                0.7868260134812554,
                0.35
            ],
            "kodak_gold_200_auc": [
                0.9099193778577473,
                0.7781504686462176,
                0.35
            ],
            "kodak_ultramax_400_auc": [
                0.9058072005481597,
                0.8185774462924228,
                0.35
            ],
            "kodak_vision3_50d_uc": [
                0.8317959840953971,
                0.5960423438970806,
                0.35
            ],
            "fujifilm_pro_400h_auc": [
                0.9093476258145268,
                0.7955718711705928,
                0.35
            ],
            "fujifilm_xtra_400_auc": [
                0.8588572093000134,
                0.6592898021922468,
                0.35
            ],
            "fujifilm_c200_auc": [
                0.936710272342378,
                0.8439243140195799,
                0.35
            ]
        }
    },
    "kodak_supra_endura_uc": {
        "TH-KG3": {
            "kodak_ektar_100_auc": [
                0.8289173479005449,
                0.6951975509676067,
                0.35
            ],
            "kodak_portra_160_auc": [
                0.8374393036090849,
                0.4810058418103191,
                0.35
            ],
            "kodak_portra_400_auc": [
                0.8143326893090951,
                0.3399183779423366,
                0.35
            ],
            "kodak_portra_800_auc": [
                0.8274055316376921,
                0.5418344177197352,
                0.35
            ],
            "kodak_portra_800_push1_auc": [
                0.8531961248398304,
                0.5062743946360265,
                0.35
            ],
            "kodak_portra_800_push2_auc": [
                0.8490035140644668,
                0.3889331875130138,
                0.35
            ],
            "kodak_gold_200_auc": [
                0.8074708469627658,
                0.40312071215624307,
                0.35
            ],
            "kodak_ultramax_400_auc": [
                0.7796483292459209,
                0.5196868802662593,
                0.35
            ],
            "kodak_vision3_50d_uc": [
                0.7189009026578944,
                0.22915438101879754,
                0.35
            ],
            "fujifilm_pro_400h_auc": [
                0.8265250919670227,
                0.5531298588286245,
                0.35
            ],
            "fujifilm_xtra_400_auc": [
                0.7643516152106147,
                0.5629162357798299,
                0.35
            ],
            "fujifilm_c200_auc": [
                0.8945227538160836,
                0.7119923455249665,
                0.35
            ]
        }
    },
    "kodak_portra_endura_uc": {
        "TH-KG3": {
            "kodak_ektar_100_auc": [
                0.823605030311686,
                0.7260909447423268,
                0.35
            ],
            "kodak_portra_160_auc": [
                0.8331014206512423,
                0.5305685289436353,
                0.35
            ],
            "kodak_portra_400_auc": [
                0.8095468365251447,
                0.4026800794732846,
                0.35
            ],
            "kodak_portra_800_auc": [
                0.822366245009976,
                0.5890853406026032,
                0.35
            ],
            "kodak_portra_800_push1_auc": [
                0.8494503699172804,
                0.5578134070187347,
                0.35
            ],
            "kodak_portra_800_push2_auc": [
                0.8456879039509705,
                0.4538784844302788,
                0.35
            ],
            "kodak_gold_200_auc": [
                0.8018818897228135,
                0.4621379414753657,
                0.35
            ],
            "kodak_ultramax_400_auc": [
                0.7731138537038375,
                0.5691904153301605,
                0.35
            ],
            "kodak_vision3_50d_uc": [
                0.7101559823648598,
                0.30677786860552725,
                0.35
            ],
            "fujifilm_pro_400h_auc": [
                0.8208429350292055,
                0.5966090134027944,
                0.35
            ],
            "fujifilm_xtra_400_auc": [
                0.7560702969590504,
                0.6088725469795856,
                0.35
            ],
            "fujifilm_c200_auc": [
                0.8906126905046495,
                0.7384800405855698,
                0.35
            ]
        }
    },
    "fujifilm_crystal_archive_typeii_uc": {
        "TH-KG3": {
            "kodak_ektar_100_auc": [
                0.9529410013517888,
                0.8652379933385451,
                0.35
            ],
            "kodak_portra_160_auc": [
                0.944893955047828,
                0.7957104786233695,
                0.35
            ],
            "kodak_portra_400_auc": [
                0.931728339912304,
                0.7662534692893256,
                0.35
            ],
            "kodak_portra_800_auc": [
                0.9561648276082688,
                0.7898559606106983,
                0.35
            ],