{
    "kodak_endura_premier_uc": {
        "BB3200": {
            "kodak_portra_400_auc": [
                0.8620650664572791,
                0.7576540647457308,
                0.35
            ],
            "kodak_ultramax_400_auc": [
                0.843858799807978,
                0.7848384704874058,
                0.35
            ],
            "kodak_gold_200_auc": [
                0.8202139614549355,
                0.7575300399622136,
                0.35
            ],
            "kodak_vision3_50d_uc": [
                0.7531823566894171,
                0.6459453687739325,
                0.35
            ],
            "fujifilm_pro_400h_auc": [
                0.7355141943524466,
                0.6603277573783664,
                0.35
            ],
            "fujifilm_xtra_400_auc": [
                0.8209549512570072,
                0.7274467185238602,
                0.35
            ],
            "fujifilm_c200_auc": [
                0.857924433103777,
                0.7677469399932876,
                0.35
            ]
        }
    },
    "kodak_ektacolor_edge_uc": {
        "BB3200": {
            "kodak_portra_400_auc": [
                0.934951269471995,
                0.847136937069067,
                0.35
            ],
            "kodak_ultramax_400_auc": [
                0.9256484178724307,
                0.8639922751172725,
                0.35
            ],
            "kodak_gold_200_auc": [
                0.9142757475287174,
                0.8465962812847372,
                0.35
            ],
            "kodak_vision3_50d_uc": [
                0.859795454401904,
                0.7313837584860666,
                0.35
            ],
            "fujifilm_pro_400h_auc": [
                0.8592451034214174,
                0.7583168029662993,
                0.35
            ],
            "fujifilm_xtra_400_auc": [
                0.9016590743976598,
                0.802794592266614,
                0.35
            ],
            "fujifilm_c200_auc": [
                0.9242517277075585,
                0.8366269665162159,
                0.35
            ]
        }
    },
    "kodak_supra_endura_uc": {
        "BB3200": {
            "kodak_portra_400_auc": [
                0.8780475123000783,
                0.4075715048526207,
                0.35
            ],
            "kodak_ultramax_400_auc": [
                0.8354473056829177,
                0.6154062946141485,
                0.35
            ],
            "kodak_gold_200_auc": [
                0.8292481315694428,
                0.5825833790219366,
                0.35
            ],
            "kodak_vision3_50d_uc": [
                0.7847043434832098,
                0.4530341842062984,
                0.35
            ],
            "fujifilm_pro_400h_auc": [
                0.7532714824987948,
                0.5073490173550793,
                0.35
            ],
            "fujifilm_xtra_400_auc": [
                0.8408749957212228,
                0.6434928741323165,
                0.35
            ],
            "fujifilm_c200_auc": [
                0.8784417275378816,
                0.6492240008799577,
                0.35
            ]
        }
    },
    "kodak_portra_endura_uc": {
        "BB3200": {
            "kodak_portra_400_auc": [
                0.8830323516149423,
                0.43473124636684296,
                0.35
            ],
            "kodak_ultramax_400_auc": [
                0.8418614633734022,
                0.6312582493320557,
                0.35
            ],
            "kodak_gold_200_auc": [
                0.8358863607575797,
                0.5994633026494927,
                0.35
            ],
            "kodak_vision3_50d_uc": [
                0.7928986313634466,
                0.4742900890288367,
                0.35
            ],
            "fujifilm_pro_400h_auc": [
                0.7627160862880983,
                0.5258586916328576,
                0.35
            ],
            "fujifilm_xtra_400_auc": [
                0.8468927342144228,
                0.6577039545535069,
                0.35
            ],
            "fujifilm_c200_auc": [
                0.8830690566120938,
                0.6640058566880492,
                0.35
            ]
        }
    },
    "fujifilm_crystal_archive_typeii_uc": {
        "BB3200": {
            "kodak_portra_400_auc": [
                0.9383812291287913,
                0.802500271672181,
                0.35
            ],
            "kodak_ultramax_400_auc": [
                0.9333845510867969,
                0.8230370762574799,
                0.35
            ],
            "kodak_gold_200_auc": [
                0.9246703363748233,
                0.79964962287738,
                0.35
            ],
            "kodak_vision3_50d_uc": [
                0.8578742935306887,
                0.5846542572903557,
                0.35
            ],
            "fujifilm_pro_400h_auc": [
                0.8680401721554118,
                0.6557274440316995,
                0.35
            ],
            "fujifilm_xtra_400_auc": [
                0.9065716559960831,
                0.7045028091905737,
                0.35
            ],
            "fujifilm_c200_auc": [
                0.9268199043168122,
                0.7667029454567967,
                0.35
            ]
        }
    },
    "kodak_2393_uc": {
        "BB3200": {
            "kodak_portra_400_auc": [
                0.8686262177645282,
                0.449202155785855,
                0.35
            ],
            "kodak_ultramax_400_auc": [
                0.8414414543315425,
                0.511384015087527,
                0.35
            ],
            "kodak_gold_200_auc": [
                0.8144632137742105,
                0.4447279273480149,
                0.35
            ],
            "kodak_vision3_50d_uc": [
                0.7707631547477339,
                0.21969807195148874,
                0.35
            ],
            "fujifilm_pro_400h_auc": [
                0.7478968062583321,
                0.22844957125217435,
                0.35
            ],
            "fujifilm_xtra_400_auc": [
                0.8253317930018773,
                0.39796243493824107,
                0.35
            ],
            "fujifilm_c200_auc": [
                0.8648584908032707,
                0.47999682454508796,
                0.35
            ]
        }
    }
}