{
    "kodak_endura_premier_uc": {
        "BB3200": {
            "kodak_portra_400_auc": [
                0.8763434778940785,
                0.7842112876249371,
                0.35
            ],
            "kodak_ultramax_400_auc": [
                0.860386229189259,
                0.8086673571353781,
                0.35
            ],
            "kodak_gold_200_auc": [
                0.8398587826792643,
                0.7850143323879452,
                0.35
            ],
            "kodak_vision3_50d_uc": [
                0.7889011414565618,
                0.6983906661852123,
                0.35
            ],
            "fujifilm_pro_400h_auc": [
                0.7714778630381445,
                0.7078290365744412,
                0.35
            ],
            "fujifilm_xtra_400_auc": [
                0.8453076925673885,
                0.7642942911328654,
                0.35
            ],
            "fujifilm_c200_auc": [
                0.8790416200121646,
                0.8038005264063774,
                0.35
            ]
        }
    },
    "kodak_ektacolor_edge_uc": {
        "BB3200": {
            "kodak_portra_400_auc": [
                0.9417530661286448,
                0.8640864477283754,
                0.35
            ],
            "kodak_ultramax_400_auc": [
                0.9335847946517043,
                0.8793002610256232,
                0.35
            ],
            "kodak_gold_200_auc": [
                0.9237197676803837,
                0.8643056544327388,
                0.35
            ],
            "kodak_vision3_50d_uc": [
                0.8826953280260327,
                0.776581333916114,
                0.35
            ],
            "fujifilm_pro_400h_auc": [
                0.8800087586732327,
                0.7953503710307454,
                0.35
            ],
            "fujifilm_xtra_400_auc": [
                0.916478325584528,
                0.8326315017881448,
                0.35
            ],
            "fujifilm_c200_auc": [
                0.9364550854356185,
                0.8641792667038842,
                0.35
            ]
        }
    },
    "kodak_supra_endura_uc": {
        "BB3200": {
            "kodak_portra_400_auc": [
                0.8893673174880323,
                0.46196547388633225,
                0.35
            ],
            "kodak_ultramax_400_auc": [
                0.8510738893965091,
                0.6488459366458542,
                0.35
            ],
            "kodak_gold_200_auc": [
                0.8460742204963015,
                0.6191477333142198,
                0.35
            ],
            "kodak_vision3_50d_uc": [
                0.8108466406129582,
                0.5090598461810694,
                0.35
            ],
            "fujifilm_pro_400h_auc": [
                0.7821604745953381,
                0.5541494362916405,
                0.35
            ],
            "fujifilm_xtra_400_auc": [
                0.8594341142171252,
                0.6791652030104361,
                0.35
            ],
            "fujifilm_c200_auc": [
                0.8944558034134373,
                0.6926533070551091,
                0.35
            ]
        }
    },
    "kodak_portra_endura_uc": {
        "BB3200": {
            "kodak_portra_400_auc": [
                0.8939181895699726,
                0.4869869131839544,
                0.35
            ],
            "kodak_ultramax_400_auc": [
                0.8569055854857097,
                0.6636005009921576,
                0.35
            ],
            "kodak_gold_200_auc": [
                0.8520869679751899,
                0.6348797373399818,
                0.35
            ],
            "kodak_vision3_50d_uc": [
                0.8180892961100099,
                0.5286492917042785,
                0.35
            ],
            "fujifilm_pro_400h_auc": [
                0.790543890772356,
                0.5713920673600097,
                0.35
            ],
            "fujifilm_xtra_400_auc": [
                0.8647735990711098,
                0.6922728099876245,
                0.35
            ],
            "fujifilm_c200_auc": [
                0.8984911550247875,
                0.7059040325258287,
                0.35
            ]
        }
    },
    "fujifilm_crystal_archive_typeii_uc": {
        "BB3200": {
            "kodak_portra_400_auc": [
                0.9446111613728136,
                0.8242096270908915,
                0.35
            ],
            "kodak_ultramax_400_auc": [
                0.9402438573493458,
                0.8427930812451476,
                0.35
            ],
            "kodak_gold_200_auc": [
                0.9325879806246999,
                0.822651110061747,
                0.35
            ],
            "kodak_vision3_50d_uc": [
                0.8808810377525244,
                0.6615612577447582,
                0.35
            ],
            "fujifilm_pro_400h_auc": [
                0.8868248904930138,
                0.7114308676046587,
                0.35
            ],
            "fujifilm_xtra_400_auc": [
                0.9207602832519369,
                0.7531384600373785,
                0.35
            ],
            "fujifilm_c200_auc": [
                0.9385939747518651,
                0.8077670689673898,
                0.35
            ]
        }
    },
    "kodak_2393_uc": {
        "BB3200": {
            "kodak_portra_400_auc": [
                0.883064210018254,
                0.5163863489669737,
                0.35
            ],
            "kodak_ultramax_400_auc": [
                0.859265360989125,
                0.5712835563170469,
                0.35
            ],
            "kodak_gold_200_auc": [
                0.8359284784987092,
                0.5143900654248941,
                0.35
            ],
            "kodak_vision3_50d_uc": [
                0.8024594779335773,
                0.33728640312615815,
                0.35
            ],
            "fujifilm_pro_400h_auc": [
                0.7821533710959118,
                0.3428327993283141,
                0.35
            ],
            "fujifilm_xtra_400_auc": [
                0.8487647789365099,
                0.4824172427337851,
                0.35
            ],
            "fujifilm_c200_auc": [
                0.8849973557694782,
                0.5644252460379204,
                0.35
            ]
        }
    }
}