{
    "kodak_endura_premier_uc": {
        "BB3200": {
            "kodak_portra_400_auc": [
                0.7792150421164243,
                0.5820940696892783,
                0.35
            ],
            "kodak_ultramax_400_auc": [
                0.747139763590904,
                0.6094005306036745,
                0.35
            ],
            "kodak_gold_200_auc": [
                0.727055664682109,
                0.5230176519057906,
                0.35
            ],
            "kodak_vision3_50d_uc": [
                0.5523084700522771,
                0.17838880554362466,
                0.35
            ],
            "fujifilm_pro_400h_auc": [
                0.6987111468903995,
                0.48654243148157744,
                0.35
            ],
            "fujifilm_xtra_400_auc": [
                0.7230415512265236,
                0.48278732808866587,
                0.35
            ],
            "fujifilm_c200_auc": [
                0.8029900737787341,
                0.6037551104324287,
                0.35
            ]
        }
    },
    "kodak_ektacolor_edge_uc": {
        "BB3200": {
            "kodak_portra_400_auc": [
                0.9018721121784647,
                0.7514241089847855,
                0.35
            ],
            "kodak_ultramax_400_auc": [
                0.8865321786808019,
                0.7663406175871926,
                0.35
            ],
            "kodak_gold_200_auc": [
                0.8773986914966698,
                0.7139818742062143,
                0.35
            ],
            "kodak_vision3_50d_uc": [
                0.7430789711961551,
                0.36712588379986716,
                0.35
            ],
            "fujifilm_pro_400h_auc": [
                0.8462713964264849,
                0.6503722634826835,
                0.35
            ],
            "fujifilm_xtra_400_auc": [
                0.8520396652662937,
                0.6365639128543568,
                0.35
            ],
            "fujifilm_c200_auc": [
                0.8993589381756006,
                0.7343342388196235,
                0.35
            ]
        }
    },
    "kodak_supra_endura_uc": {
        "BB3200": {
            "kodak_portra_400_auc": [
                0.8296171857781882,
                0.21185490571533547,
                0.35
            ],
            "kodak_ultramax_400_auc": [
                0.7707907536109257,
                0.4624485490996574,
                0.35
            ],
            "kodak_gold_200_auc": [
                0.777682658300324,
                0.3588807213864916,
                0.35
            ],
            "kodak_vision3_50d_uc": [
                0.6618230714210176,
                0.1486260881807642,
                0.35
            ],
            "fujifilm_pro_400h_auc": [
                0.7630545501455097,
                0.4219979342765012,
                0.35
            ],
            "fujifilm_xtra_400_auc": [
                0.7951747392982669,
                0.5678840120088253,
                0.35
            ],
            "fujifilm_c200_auc": [
                0.8635138720759917,
                0.5826845802089439,
                0.35
            ]
        }
    },
    "kodak_portra_endura_uc": {
        "BB3200": {
            "kodak_portra_400_auc": [
                0.8500418514149624,
                0.20609036186514101,
                0.35
            ],
            "kodak_ultramax_400_auc": [
                0.7979786152785756,
                0.4505571440647083,
                0.35
            ],
            "kodak_gold_200_auc": [
                0.8040765397778289,
                0.3454246738710935,
                0.35
            ],
            "kodak_vision3_50d_uc": [
                0.7021815221707249,
                0.11870973997801139,
                0.35
            ],
            "fujifilm_pro_400h_auc": [
                0.7912737169596439,
                0.40891826913877743,
                0.35
            ],
            "fujifilm_xtra_400_auc": [
                0.8196680878769181,
                0.5585608019173897,
                0.35
            ],
            "fujifilm_c200_auc": [
                0.879948400145307,
                0.580630846243789,
                0.35
            ]
        }
    },
    "fujifilm_crystal_archive_typeii_uc": {
        "BB3200": {
            "kodak_portra_400_auc": [
                0.9135288468593478,
                0.7082318852663572,
                0.35
            ],
            "kodak_ultramax_400_auc": [
                0.9050967426535376,
                0.723318820561698,
                0.35
            ],
            "kodak_gold_200_auc": [
                0.8997364999599246,
                0.6610196703740416,
                0.35
            ],
            "kodak_vision3_50d_uc": [
                0.7667070544503048,
                0.054858865410876506,
                0.35
            ],
            "fujifilm_pro_400h_auc": [
                0.8632781592621905,
                0.5377792100921084,
                0.35
            ],
            "fujifilm_xtra_400_auc": [
                0.8760947157809565,
                0.4787380990734773,
                0.35
            ],
            "fujifilm_c200_auc": [
                0.9105170511056532,
                0.6443552665949365,
                0.35
            ]
        }
    }
}