{
    "kodak_endura_premier_uc": {
        "TH-KG3-L": {
            "kodak_ektar_100_auc": [
                0.8541470267045624,
                0.8531372923364341,
                0.35
            ],
            "kodak_portra_160_auc": [
                0.8301338800523155,
                0.7510081929051726,
                0.35
            ],
            "kodak_portra_400_auc": [
                0.7967032293185313,
                0.7168149167002554,
                0.35
            ],
            "kodak_portra_800_auc": [
                0.8632864236665392,
                0.7446206050151798,
                0.35
            ],
            "kodak_portra_800_push1_auc": [
                0.888357356059678,
                0.7509260817868593,
                0.35
            ],
            "kodak_portra_800_push2_auc": [
                0.8873544262005612,
                0.712325731871615,
                0.35
            ],
            "kodak_gold_200_auc": [
                0.798356599551535,
                0.6792784394908992,
                0.35
            ],
            "kodak_ultramax_400_auc": [
                0.8036203785686019,
                0.7278088891922757,
                0.35
            ],
            "kodak_vision3_50d_uc": [
                0.6688140078454815,
                0.4503435896994696,
                0.35
            ],
            "fujifilm_pro_400h_auc": [
                0.7303338256499641,
                0.6275473270319344,
                0.35
            ],
            "fujifilm_xtra_400_auc": [
                0.6966103942200788,
                0.41196895198213074,
                0.35
            ],
            "fujifilm_c200_auc": [
                0.844622729796511,
                0.7330666573299681,
                0.35
            ]
        }
    },
    "kodak_ektacolor_edge_uc": {
        "TH-KG3-L": {
            "kodak_ektar_100_auc": [
                0.9262190732920872,
                0.9064570460104874,
                0.35
            ],
            "kodak_portra_160_auc": [
                0.916055187822411,
                0.8426557200983511,
                0.35
            ],
            "kodak_portra_400_auc": [
                0.8986843609281481,
                0.819653779697999,
                0.35
            ],
            "kodak_portra_800_auc": [
                0.9332308489457288,
                0.8414162670356305,
                0.35
            ],
            "kodak_portra_800_push1_auc": [
                0.9448135426044284,
                0.8428844429927093,
                0.35
            ],
            "kodak_portra_800_push2_auc": [
                0.9441340443958846,
                0.8175574797074249,
                0.35
            ],
            "kodak_gold_200_auc": [
                0.899389489691067,
                0.7967178511472378,
                0.35
            ],
            "kodak_ultramax_400_auc": [
                0.901696102509926,
                0.8269804237379206,
                0.35
            ],
            "kodak_vision3_50d_uc": [
                0.8061105533359243,
                0.5889037974716137,
                0.35
            ],
            "fujifilm_pro_400h_auc": [
                0.8536728644129942,
                0.743017805510394,
                0.35
            ],
            "fujifilm_xtra_400_auc": [
                0.8301424666994451,
                0.5840351873881345,
                0.35
            ],
            "fujifilm_c200_auc": [
                0.9154840972880657,
                0.8182951386514775,
                0.35
            ]
        }
    },
    "kodak_supra_endura_uc": {
        "TH-KG3-L": {
            "kodak_ektar_100_auc": [
                0.8218613638218606,
                0.7312159881301691,
                0.35
            ],
            "kodak_portra_160_auc": [
                0.818284082309692,
                0.5111573102813657,
                0.35
            ],
            "kodak_portra_400_auc": [
                0.7891451740772167,
                0.37726197073363404,
                0.35
            ],
            "kodak_portra_800_auc": [
                0.8097466420932636,
                0.57591006953749,
                0.35
            ],
            "kodak_portra_800_push1_auc": [
                0.8430030124429053,
                0.5741640863546685,
                0.35
            ],
            "kodak_portra_800_push2_auc": [
                0.8414850399922218,
                0.5096421122454665,
                0.35
            ],
            "kodak_gold_200_auc": [
                0.771782088533493,
                0.5013249202720698,
                0.35
            ],
            "kodak_ultramax_400_auc": [
                0.7554606191805564,
                0.57265035183868,
                0.35
            ],
            "kodak_vision3_50d_uc": [
                0.6525503195951523,
                0.2896391605197034,
                0.35
            ],
            "fujifilm_pro_400h_auc": [
                0.7115607990098448,
                0.516919904891489,
                0.35
            ],
            "fujifilm_xtra_400_auc": [
                0.6937113724962285,
                0.5264875950497298,
                0.35
            ],
            "fujifilm_c200_auc": [
                0.8488848960383609,
                0.6902883539809629,
                0.35
            ]
        }
    },
    "kodak_portra_endura_uc": {
        "TH-KG3-L": {
            "kodak_ektar_100_auc": [
                0.816381551314919,
                0.7600334833753403,
                0.35
            ],
            "kodak_portra_160_auc": [
                0.8134828121507298,
                0.5597995296877956,
                0.35
            ],
            "kodak_portra_400_auc": [
                0.7837674709202932,
                0.43885450394159603,
                0.35
            ],
            "kodak_portra_800_auc": [
                0.8042663161060912,
                0.6219467942032848,
                0.35
            ],
            "kodak_portra_800_push1_auc": [
                0.8389751415736121,
                0.6207728256808966,
                0.35
            ],
            "kodak_portra_800_push2_auc": [
                0.8378591330363422,
                0.5638478884071867,
                0.35
            ],
            "kodak_gold_200_auc": [
                0.7650773153362929,
                0.5535311232281863,
                0.35
            ],
            "kodak_ultramax_400_auc": [
                0.7482416341837126,
                0.6190074138374492,
                0.35
            ],
            "kodak_vision3_50d_uc": [
                0.6418035996626443,
                0.3652061285152743,
                0.35
            ],
            "fujifilm_pro_400h_auc": [
                0.7022546497625327,
                0.5677108804026634,
                0.35
            ],
            "fujifilm_xtra_400_auc": [
                0.6832183072913517,
                0.5795397404667288,
                0.35
            ],
            "fujifilm_c200_auc": [
                0.8434499082671083,
                0.7210103606119508,
                0.35
            ]
        }
    },
    "fujifilm_crystal_archive_typeii_uc": {
        "TH-KG3-L": {
            "kodak_ektar_100_auc": [
                0.9548737732497866,
                0.8731262916210921,
                0.35
            ],
            "kodak_portra_160_auc": [
                0.9428316751264394,
                0.7943155306903827,
                0.35
            ],
            "kodak_portra_400_auc": [
                0.9284692151974228,
                0.7640197510968268,
                0.35
            ],
            "kodak_portra_800_auc": [
                0.9550292783022305,
                0.7916090711722202,
                0.35
            ],