{
    "kodak_endura_premier_uc": {
        "BB3200": {
            "kodak_portra_400_auc": [
                0.8755897563401711,
                0.7814061916586907,
                0.35
            ],
            "kodak_ultramax_400_auc": [
                0.8591765886017579,
                0.8051440340839678,
                0.35
            ],
            "kodak_gold_200_auc": [
                0.8379816495861447,
                0.7807022221366375,
                0.35
            ],
            "kodak_vision3_50d_uc": [
                0.7886942888500243,
                0.6963296970198556,
                0.35
            ],
            "fujifilm_pro_400h_auc": [
                0.7661366261946427,
                0.6985916999004013,
                0.35
            ],
            "fujifilm_xtra_400_auc": [
                0.8419433327651888,
                0.7589382863998155,
                0.35
            ],
            "fujifilm_c200_auc": [
                0.8735448153436822,
                0.7925523653098447,
                0.35
            ]
        }
    },
    "kodak_ektacolor_edge_uc": {
        "BB3200": {
            "kodak_portra_400_auc": [
                0.9412274592520703,
                0.8616948190935217,
                0.35
            ],
            "kodak_ultramax_400_auc": [
                0.9327872431416143,
                0.8766102322762743,
                0.35
            ],
            "kodak_gold_200_auc": [
                0.9225226665731613,
                0.8609854976911372,
                0.35
            ],
            "kodak_vision3_50d_uc": [
                0.8820627712319565,
                0.7741158286099139,
                0.35
            ],
            "fujifilm_pro_400h_auc": [
                0.8765281791121156,
                0.787771905779982,
                0.35
            ],
            "fujifilm_xtra_400_auc": [
                0.9143660192082705,
                0.8281452300276076,
                0.35
            ],
            "fujifilm_c200_auc": [
                0.9333583558951866,
                0.8557931798588649,
                0.35
            ]
        }
    },
    "kodak_supra_endura_uc": {
        "BB3200": {
            "kodak_portra_400_auc": [
                0.8885217585660348,
                0.4630575946455206,
                0.35
            ],
            "kodak_ultramax_400_auc": [
                0.8497738098222536,
                0.6433096838017093,
                0.35
            ],
            "kodak_gold_200_auc": [
                0.8441173351367518,
                0.6130262720854835,
                0.35
            ],
            "kodak_vision3_50d_uc": [
                0.8102221082845855,
                0.506576538212721,
                0.35
            ],
            "fujifilm_pro_400h_auc": [
                0.7767588228729084,
                0.5427550563354543,
                0.35
            ],
            "fujifilm_xtra_400_auc": [
                0.8561352654593444,
                0.6712191790057431,
                0.35
            ],
            "fujifilm_c200_auc": [
                0.8893655588330197,
                0.6771752458054324,
                0.35
            ]
        }
    },
    "kodak_portra_endura_uc": {
        "BB3200": {
            "kodak_portra_400_auc": [
                0.8930756868945572,
                0.487307577208103,
                0.35
            ],
            "kodak_ultramax_400_auc": [
                0.8556096680076609,
                0.6580709309820449,
                0.35
            ],
            "kodak_gold_200_auc": [
                0.8501563783339434,
                0.6287308680244768,
                0.35
            ],
            "kodak_vision3_50d_uc": [
                0.8174202078569914,
                0.5258332879338304,
                0.35
            ],
            "fujifilm_pro_400h_auc": [
                0.7852516550468722,
                0.5600026570267003,
                0.35
            ],
            "fujifilm_xtra_400_auc": [
                0.8615583134846563,
                0.6844407068686418,
                0.35
            ],
            "fujifilm_c200_auc": [
                0.8935687664092574,
                0.6908238884634255,
                0.35
            ]
        }
    },
    "fujifilm_crystal_archive_typeii_uc": {
        "BB3200": {
            "kodak_portra_400_auc": [
                0.9439833245325884,
                0.8214170551215959,
                0.35
            ],
            "kodak_ultramax_400_auc": [
                0.9393798435916164,
                0.839544836061775,
                0.35
            ],
            "kodak_gold_200_auc": [
                0.9313557741067537,
                0.8186738049026558,
                0.35
            ],
            "kodak_vision3_50d_uc": [
                0.8797052701270509,
                0.6601354268417964,
                0.35
            ],
            "fujifilm_pro_400h_auc": [
                0.8832812781794682,
                0.7021429900502939,
                0.35
            ],
            "fujifilm_xtra_400_auc": [
                0.9184801279459204,
                0.7476475991508623,
                0.35
            ],
            "fujifilm_c200_auc": [
                0.935512542993,
                0.7965080832672766,
                0.35
            ]
        }
    },
    "kodak_2393_uc": {
        "BB3200": {
            "kodak_portra_400_auc": [
                0.882421121623501,
                0.517963856298085,
                0.35
            ],
            "kodak_ultramax_400_auc": [
                0.8581851129343379,
                0.5694980873693879,
                0.35
            ],
            "kodak_gold_200_auc": [
                0.8341529347882956,
                0.5125396558021948,
                0.35
            ],
            "kodak_vision3_50d_uc": [
                0.8023417924323926,
                0.34717510587118927,
                0.35
            ],
            "fujifilm_pro_400h_auc": [
                0.7769739664415909,
                0.336403406230232,
                0.35
            ],
            "fujifilm_xtra_400_auc": [
                0.8455519873047354,
                0.4793398581367681,
                0.35
            ],
            "fujifilm_c200_auc": [
                0.8797428059420661,
                0.5454608015893494,
                0.35
            ]
        }
    }
}