{
    "kodak_endura_premier_uc": {
        "TH-KG3-L": {
            "kodak_ektar_100_auc": [
                0.8541470266715037,
                0.8531372919773219,
                0.35
            ],
            "kodak_portra_160_auc": [
                0.8301338779875811,
                0.7510081718215823,
                0.35
            ],
            "kodak_portra_400_auc": [
                0.7967032010840046,
                0.7168145588967804,
                0.35
            ],
            "kodak_portra_800_auc": [
                0.8632864236129985,
                0.7446206041134776,
                0.35
            ],
            "kodak_portra_800_push1_auc": [
                0.8883574084159322,
                0.7509270198795572,
                0.35
            ],
            "kodak_portra_800_push2_auc": [
                0.8873544260929964,
                0.7123257298724255,
                0.35
            ],
            "kodak_gold_200_auc": [
                0.7983565194219386,
                0.6792773687632925,
                0.35
            ],
            "kodak_ultramax_400_auc": [
                0.803620377888848,
                0.7278089216065657,
                0.35
            ],
            "kodak_vision3_50d_uc": [
                0.6862808192123152,
                0.47344220056091807,
                0.35
            ],
            "kodak_vision3_250d_uc": [
                0.7152895999095358,
                0.5348232451909347,
                0.35
            ],
            "kodak_vision3_200t_uc": [
                0.7510714564101345,
                0.5262875974529683,
                0.35
            ],
            "kodak_vision3_500t_uc": [
                0.7078634354411483,
                0.4894784802715139,
                0.35
            ],
            "fujifilm_pro_400h_auc": [
                0.7303337446646456,
                0.6275458925993724,
                0.35
            ],
            "fujifilm_c200_auc": [
                0.8446227281617988,
                0.7330666223034292,
                0.35
            ],
            "fujifilm_xtra_400_auc": [
                0.6966106488994311,
                0.4119820174302585,
                0.35
            ]
        }
    },
    "kodak_ektacolor_edge_uc": {
        "TH-KG3-L": {
            "kodak_ektar_100_auc": [
                0.9262190728404234,
                0.9064570458337953,
                0.35
            ],
            "kodak_portra_160_auc": [
                0.9160551910231433,
                0.8426557583096267,
                0.35
            ],
            "kodak_portra_400_auc": [
                0.898684361567946,
                0.8196537769036799,
                0.35
            ],
            "kodak_portra_800_auc": [
                0.9332308495754318,
                0.8414162878198648,
                0.35
            ],
            "kodak_portra_800_push1_auc": [
                0.9448135432511339,
                0.8428844528798534,
                0.35
            ],
            "kodak_portra_800_push2_auc": [
                0.9441340443811165,
                0.8175574794265482,
                0.35
            ],
            "kodak_gold_200_auc": [
                0.8993894911917532,
                0.7967178534790992,
                0.35
            ],
            "kodak_ultramax_400_auc": [
                0.9016961085624916,
                0.8269804744242095,
                0.35
            ],
            "kodak_vision3_50d_uc": [
                0.8161533895242253,
                0.605969029720384,
                0.35
            ],
            "kodak_vision3_250d_uc": [
                0.8332766061869596,
                0.6520465283967015,
                0.35
            ],
            "kodak_vision3_200t_uc": [
                0.8543542608283029,
                0.6455552783199849,
                0.35
            ],
            "kodak_vision3_500t_uc": [
                0.828705447015458,
                0.6172152621266573,
                0.35
            ],
            "fujifilm_pro_400h_auc": [
                0.853672875222591,
                0.7430179699941776,
                0.35
            ],
            "fujifilm_c200_auc": [
                0.9154840972983106,
                0.8182951395967552,
                0.35
            ],
            "fujifilm_xtra_400_auc": [
                0.8301424479378222,
                0.5840354747588385,
                0.35
            ]
        }
    },
    "kodak_supra_endura_uc": {
        "TH-KG3-L": {
            "kodak_ektar_100_auc": [
                0.8218612000989268,
                0.7312139639552482,
                0.35
            ],
            "kodak_portra_160_auc": [
                0.8182839891059214,
                0.5111553792638731,
                0.35
            ],
            "kodak_portra_400_auc": [
                0.789145170628855,
                0.377261902177354,
                0.35
            ],
            "kodak_portra_800_auc": [
                0.8097466473809874,
                0.575909844601767,
                0.35
            ],
            "kodak_portra_800_push1_auc": [
                0.8430028133415597,
                0.5741599642983125,
                0.35
            ],
            "kodak_portra_800_push2_auc": [
                0.8414850647906451,
                0.5096426116560927,
                0.35
            ],
            "kodak_gold_200_auc": [
                0.7717823387210763,
                0.5013296291786123,
                0.35
            ],
            "kodak_ultramax_400_auc": [
                0.7554604871664964,
                0.5726480049351214,
                0.35
            ],
            "kodak_vision3_50d_uc": [
                0.6740832852468376,
                0.3047960962697007,
                0.35
            ],
            "kodak_vision3_250d_uc": [
                0.6897579060285459,
                0.3561011254922344,
                0.35
            ],
            "kodak_vision3_200t_uc": [
                0.7396862553443383,
                0.2505165655812693,
                0.35
            ],
            "kodak_vision3_500t_uc": [
                0.6923199496106345,
                0.26656842240014167,
                0.35
            ],
            "fujifilm_pro_400h_auc": [
                0.7115608863279494,
                0.5169211955835136,
                0.35
            ],
            "fujifilm_c200_auc": [
                0.8488846338346734,
                0.690274049846549,
                0.35
            ],
            "fujifilm_xtra_400_auc": [
                0.6937110668421895,
                0.5264776151609153,
                0.35
            ]
        }
    },
    "kodak_portra_endura_uc": {
        "TH-KG3-L": {
            "kodak_ektar_100_auc": [
                0.8163816007906863,
                0.7600342916153487,
                0.35
            ],
            "kodak_portra_160_auc": [
                0.8134829551503018,
                0.5598016941140553,
                0.35
            ],
            "kodak_portra_400_auc": [
                0.7837670139019021,
                0.43884631618824455,
                0.35
            ],
            "kodak_portra_800_auc": [
                0.8042665321274823,
                0.6219545587476951,
                0.35
            ],
            "kodak_portra_800_push1_auc": [
                0.8389748621202623,
                0.6207676840116156,
                0.35
            ],
            "kodak_portra_800_push2_auc": [
                0.8378589894064239,
                0.5638470608577245,
                0.35
            ],
            "kodak_gold_200_auc": [
                0.7650769100886134,
                0.5535240965047352,
                0.35
            ],