{
    "kodak_endura_premier_uc": {
        "BB3200": {
            "kodak_portra_400_auc": [
                0.8785513238653045,
                0.7875641007694645,
                0.35
            ],
            "kodak_ultramax_400_auc": [
                0.8624259899547908,
                0.8109450073232366,
                0.35
            ],
            "kodak_gold_200_auc": [
                0.8415591207308675,
                0.7869369646150594,
                0.35
            ],
            "kodak_vision3_50d_uc": [
                0.7928955080257453,
                0.7034951905119928,
                0.35
            ],
            "fujifilm_pro_400h_auc": [
                0.7705000179494544,
                0.705739496628584,
                0.35
            ],
            "fujifilm_xtra_400_auc": [
                0.8454858267556455,
                0.7655247369472322,
                0.35
            ],
            "fujifilm_c200_auc": [
                0.8765726151992365,
                0.7986061373723206,
                0.35
            ]
        }
    },
    "kodak_ektacolor_edge_uc": {
        "BB3200": {
            "kodak_portra_400_auc": [
                0.9428011241430526,
                0.8662120919682184,
                0.35
            ],
            "kodak_ultramax_400_auc": [
                0.934564547681621,
                0.8807603961828672,
                0.35
            ],
            "kodak_gold_200_auc": [
                0.9245374092999662,
                0.8655448343399478,
                0.35
            ],
            "kodak_vision3_50d_uc": [
                0.8849336299151539,
                0.7804299688900567,
                0.35
            ],
            "fujifilm_pro_400h_auc": [
                0.8794872020736088,
                0.7938606471242636,
                0.35
            ],
            "fujifilm_xtra_400_auc": [
                0.9165744986154849,
                0.8334887533011346,
                0.35
            ],
            "fujifilm_c200_auc": [
                0.9351359093991913,
                0.8604981009399348,
                0.35
            ]
        }
    },
    "kodak_supra_endura_uc": {
        "BB3200": {
            "kodak_portra_400_auc": [
                0.891140641231818,
                0.4688358513936274,
                0.35
            ],
            "kodak_ultramax_400_auc": [
                0.853117527134494,
                0.6517762760930425,
                0.35
            ],
            "kodak_gold_200_auc": [
                0.8475520711672823,
                0.6216026728630916,
                0.35
            ],
            "kodak_vision3_50d_uc": [
                0.8141462715636844,
                0.514720858947977,
                0.35
            ],
            "fujifilm_pro_400h_auc": [
                0.7809887729847562,
                0.5516388160730243,
                0.35
            ],
            "fujifilm_xtra_400_auc": [
                0.8594348245950644,
                0.6796874330882929,
                0.35
            ],
            "fujifilm_c200_auc": [
                0.8920725687493168,
                0.6852409044488339,
                0.35
            ]
        }
    },
    "kodak_portra_endura_uc": {
        "BB3200": {
            "kodak_portra_400_auc": [
                0.8956172421169863,
                0.49356649524203206,
                0.35
            ],
            "kodak_ultramax_400_auc": [
                0.8588685739165671,
                0.6664489018894735,
                0.35
            ],
            "kodak_gold_200_auc": [
                0.8535062210738629,
                0.6372758167883911,
                0.35
            ],
            "kodak_vision3_50d_uc": [
                0.8212628694859305,
                0.5341512219425637,
                0.35
            ],
            "fujifilm_pro_400h_auc": [
                0.7894135138657349,
                0.5689568516231428,
                0.35
            ],
            "fujifilm_xtra_400_auc": [
                0.8647725446571343,
                0.6927862950606023,
                0.35
            ],
            "fujifilm_c200_auc": [
                0.896197391662086,
                0.6987615113061774,
                0.35
            ]
        }
    },
    "fujifilm_crystal_archive_typeii_uc": {
        "BB3200": {
            "kodak_portra_400_auc": [
                0.9455388353207118,
                0.8269331602487773,
                0.35
            ],
            "kodak_ultramax_400_auc": [
                0.9410542002333043,
                0.844678413478419,
                0.35
            ],
            "kodak_gold_200_auc": [
                0.9332411416260344,
                0.8242564036491202,
                0.35
            ],
            "kodak_vision3_50d_uc": [
                0.8828427220461345,
                0.6674328161590214,
                0.35
            ],
            "fujifilm_pro_400h_auc": [
                0.8863156904409845,
                0.7092698538410054,
                0.35
            ],
            "fujifilm_xtra_400_auc": [
                0.9207216549555532,
                0.7543795758371886,
                0.35
            ],
            "fujifilm_c200_auc": [
                0.9373077889421335,
                0.8025187852337049,
                0.35
            ]
        }
    },
    "kodak_2393_uc": {
        "BB3200": {
            "kodak_portra_400_auc": [
                0.8852431319691296,
                0.5241402264261468,
                0.35
            ],
            "kodak_ultramax_400_auc": [
                0.8614327596467323,
                0.5764707392064627,
                0.35
            ],
            "kodak_gold_200_auc": [
                0.8377617494074854,
                0.5187595622390514,
                0.35
            ],
            "kodak_vision3_50d_uc": [
                0.806390278154417,
                0.3488194734824021,
                0.35
            ],
            "fujifilm_pro_400h_auc": [
                0.7812194167827335,
                0.33752798679120016,
                0.35
            ],
            "fujifilm_xtra_400_auc": [
                0.849026045950835,
                0.4849460005411537,
                0.35
            ],
            "fujifilm_c200_auc": [
                0.8826502320023492,
                0.5521436401109704,
                0.35
            ]
        }
    }
}