{
    "kodak_endura_premier_uc": {
        "BB3200": {
            "kodak_portra_400_auc": [
                0.8620650666173081,
                0.7576540445516402,
                0.35
            ],
            "kodak_ultramax_400_auc": [
                0.8438587745813284,
                0.7848378397004663,
                0.35
            ],
            "kodak_gold_200_auc": [
                0.8202139618186459,
                0.7575300488636352,
                0.35
            ],
            "kodak_vision3_50d_uc": [
                0.753182356719188,
                0.6459453700724205,
                0.35
            ],
            "fujifilm_pro_400h_auc": [
                0.7355141917799554,
                0.6603276938026834,
                0.35
            ],
            "fujifilm_xtra_400_auc": [
                0.8209549245501233,
                0.7274459090030523,
                0.35
            ],
            "fujifilm_c200_auc": [
                0.8579244331012466,
                0.7677469398730021,
                0.35
            ]
        }
    },
    "kodak_ektacolor_edge_uc": {
        "BB3200": {
            "kodak_portra_400_auc": [
                0.9349512698343146,
                0.847136947884734,
                0.35
            ],
            "kodak_ultramax_400_auc": [
                0.9256484377458791,
                0.8639925868486633,
                0.35
            ],
            "kodak_gold_200_auc": [
                0.9142757798531829,
                0.8465956100475842,
                0.35
            ],
            "kodak_vision3_50d_uc": [
                0.8597954505652325,
                0.731383666781208,
                0.35
            ],
            "fujifilm_pro_400h_auc": [
                0.8592451386556299,
                0.7583160893342318,
                0.35
            ],
            "fujifilm_xtra_400_auc": [
                0.9016591901715674,
                0.8027947823361773,
                0.35
            ],
            "fujifilm_c200_auc": [
                0.9242518014863519,
                0.8366275078186278,
                0.35
            ]
        }
    },
    "kodak_supra_endura_uc": {
        "BB3200": {
            "kodak_portra_400_auc": [
                0.8780476177590643,
                0.40757189142445166,
                0.35
            ],
            "kodak_ultramax_400_auc": [
                0.8354474160491208,
                0.6154063611542533,
                0.35
            ],
            "kodak_gold_200_auc": [
                0.829248215114432,
                0.5825819551667102,
                0.35
            ],
            "kodak_vision3_50d_uc": [
                0.7847043485375199,
                0.45303532901747195,
                0.35
            ],
            "fujifilm_pro_400h_auc": [
                0.7532715346672549,
                0.5073536712417138,
                0.35
            ],
            "fujifilm_xtra_400_auc": [
                0.8408749957622527,
                0.6434928281108243,
                0.35
            ],
            "fujifilm_c200_auc": [
                0.8784417424518347,
                0.649224842821152,
                0.35
            ]
        }
    },
    "kodak_portra_endura_uc": {
        "BB3200": {
            "kodak_portra_400_auc": [
                0.8830323543465846,
                0.43473177494403037,
                0.35
            ],
            "kodak_ultramax_400_auc": [
                0.8418613977113611,
                0.6312529998320274,
                0.35
            ],
            "kodak_gold_200_auc": [
                0.8358863497075796,
                0.5994632453156884,
                0.35
            ],
            "kodak_vision3_50d_uc": [
                0.792898522607028,
                0.47427951204072394,
                0.35
            ],
            "fujifilm_pro_400h_auc": [
                0.7627159440548581,
                0.5258601809952272,
                0.35
            ],
            "fujifilm_xtra_400_auc": [
                0.8468927742044102,
                0.6577004254250903,
                0.35
            ],
            "fujifilm_c200_auc": [
                0.8830690216156322,
                0.6640061104408549,
                0.35
            ]
        }
    },
    "fujifilm_crystal_archive_typeii_uc": {
        "BB3200": {
            "kodak_portra_400_auc": [
                0.9383812276373028,
                0.8025004862462957,
                0.35
            ],
            "kodak_ultramax_400_auc": [
                0.933384551066209,
                0.8230370764275975,
                0.35
            ],
            "kodak_gold_200_auc": [
                0.9246703377844424,
                0.7996497033616045,
                0.35
            ],
            "kodak_vision3_50d_uc": [
                0.857874279227632,
                0.5846539883955967,
                0.35
            ],
            "fujifilm_pro_400h_auc": [
                0.8680401263338915,
                0.6557294765400049,
                0.35
            ],
            "fujifilm_xtra_400_auc": [
                0.9065716899479288,
                0.7045027874047971,
                0.35
            ],
            "fujifilm_c200_auc": [
                0.9268199098002466,
                0.7667019383413228,
                0.35
            ]
        }
    },
    "kodak_2393_uc": {
        "BB3200": {
            "kodak_portra_400_auc": [
                0.8686264202422159,
                0.44920828668074625,
                0.35
            ],
            "kodak_ultramax_400_auc": [
                0.8414414512769324,
                0.5113839500581779,
                0.35
            ],
            "kodak_gold_200_auc": [
                0.8144629978339303,
                0.44472331867129633,
                0.35
            ],
            "kodak_vision3_50d_uc": [
                0.7707622824235716,
                0.2196756875429259,
                0.35
            ],
            "fujifilm_pro_400h_auc": [
                0.7478963262761068,
                0.228439058376951,
                0.35
            ],
            "fujifilm_xtra_400_auc": [
                0.8253317978339313,
                0.3979625632684102,
                0.35
            ],
            "fujifilm_c200_auc": [
                0.8648584864799065,
                0.4799966856283727,
                0.35
            ]
        }
    }
}