{
    "kodak_endura_premier_uc": {
        "TH-KG3-L": {
            "kodak_ektar_100_auc": [
                0.8733993494454428,
                0.8670515661328082,
                0.35
            ],
            "kodak_portra_160_auc": [
                0.8365798137047592,
                0.7603171129067736,
                0.35
            ],
            "kodak_portra_400_auc": [
                0.8071738800285775,
                0.7217187798257608,
                0.35
            ],
            "kodak_portra_400": [
                0.8032313942068091,
                0.7189641156147374,
                0.35
            ],
            "kodak_portra_800_auc": [
                0.8688896630856233,
                0.7507706999647268,
                0.35
            ],
            "kodak_portra_800_push1_auc": [
                0.8948239013140415,
                0.7771167065864416,
                0.35
            ],
            "kodak_portra_800_push2_auc": [
                0.895889591844639,
                0.7539763311098625,
                0.35
            ],
            "kodak_gold_200_auc": [
                0.8041349561820074,
                0.7006217957446713,
                0.35
            ],
            "kodak_ultramax_400_auc": [
                0.8133634703446957,
                0.7322919687867031,
                0.35
            ],
            "kodak_vision3_50d_uc": [
                0.6950226295481853,
                0.5340901710134583,
                0.35
            ],
            "kodak_vision3_250d_uc": [
                0.711026177185668,
                0.5632235068533259,
                0.35
            ],
            "kodak_vision3_200t_uc": [
                0.7451158971759503,
                0.5701614931186748,
                0.35
            ],
            "kodak_vision3_500t_uc": [
                0.7050815300911407,
                0.5257676813873623,
                0.35
            ],
            "fujifilm_pro_400h_auc": [
                0.7241314481258052,
                0.6369683015018439,
                0.35
            ],
            "fujifilm_pro_400h": [
                0.7078270781646631,
                0.6304255469987665,
                0.35
            ],
            "fujifilm_c200_auc": [
                0.851220287664048,
                0.7511684583795832,
                0.35
            ],
            "fujifilm_xtra_400_auc": [
                0.719736711883831,
                0.5326433601907185,
                0.35
            ]
        }
    },
    "kodak_ektacolor_edge_uc": {
        "TH-KG3-L": {
            "kodak_ektar_100_auc": [
                0.938162038681143,
                0.9182891262447844,
                0.35
            ],
            "kodak_portra_160_auc": [
                0.9219803528633171,
                0.8539149594003786,
                0.35
            ],
            "kodak_portra_400_auc": [
                0.9060905390854883,
                0.8272225281147381,
                0.35
            ],
            "kodak_portra_400": [
                0.9041783409753353,
                0.8255240231838012,
                0.35
            ],
            "kodak_portra_800_auc": [
                0.9377836263579876,
                0.8498620560068659,
                0.35
            ],
            "kodak_portra_800_push1_auc": [
                0.9497824145103676,
                0.864534519584907,
                0.35
            ],
            "kodak_portra_800_push2_auc": [
                0.9502735919172937,
                0.8501976763148406,
                0.35
            ],
            "kodak_gold_200_auc": [
                0.9041807266139188,
                0.8146372131209751,
                0.35
            ],
            "kodak_ultramax_400_auc": [
                0.9085330160976928,
                0.8338793983592627,
                0.35
            ],
            "kodak_vision3_50d_uc": [
                0.8245972893978718,
                0.6586760436993639,
                0.35
            ],
            "kodak_vision3_250d_uc": [
                0.8343375175036035,
                0.6803423915726201,
                0.35
            ],
            "kodak_vision3_200t_uc": [
                0.8536787081059684,
                0.6850195553225102,
                0.35
            ],
            "kodak_vision3_500t_uc": [
                0.8305526660447297,
                0.6523477685267411,
                0.35
            ],
            "fujifilm_pro_400h_auc": [
                0.850466120587807,
                0.7498866998363174,
                0.35
            ],
            "fujifilm_pro_400h": [
                0.8415897807362753,
                0.7451610146298183,
                0.35
            ],
            "fujifilm_c200_auc": [
                0.9191058989545402,
                0.8298654678846502,
                0.35
            ],
            "fujifilm_xtra_400_auc": [
                0.8431937605926181,
                0.6696928892737738,
                0.35
            ]
        }
    },
    "kodak_supra_endura_uc": {
        "TH-KG3-L": {
            "kodak_ektar_100_auc": [
                0.83394577216225,
                0.7375720054988041,
                0.35
            ],
            "kodak_portra_160_auc": [
                0.8198482482494625,
                0.5093049032371203,
                0.35
            ],
            "kodak_portra_400_auc": [
                0.7918382519042612,
                0.38004473958337254,
                0.35
            ],
            "kodak_portra_400": [
                0.7880559824311039,
                0.376108710804119,
                0.35
            ],
            "kodak_portra_800_auc": [
                0.8081785681427953,
                0.5769920000809475,
                0.35
            ],
            "kodak_portra_800_push1_auc": [
                0.8447193841100994,
                0.6109436909154602,
                0.35
            ],
            "kodak_portra_800_push2_auc": [
                0.8461945159521572,
                0.5718269112074533,
                0.35
            ],
            "kodak_gold_200_auc": [
                0.7650893648621484,
                0.5405672941394323,
                0.35
            ],
            "kodak_ultramax_400_auc": [
                0.7550571378685315,
                0.5832011744537697,
                0.35
            ],
            "kodak_vision3_50d_uc": [
                0.6779294035879644,
                0.34782090449842273,
                0.35
            ],
            "kodak_vision3_250d_uc": [
                0.6876183721396829,
                0.3373001924439411,
                0.35
            ],
            "kodak_vision3_200t_uc": [
                0.7338192649301486,
                0.2908197526703928,
                0.35
            ],
            "kodak_vision3_500t_uc": [
                0.6903736256749466,
                0.2397396346141677,
                0.35
            ],
            "fujifilm_pro_400h_auc": [
                0.6802698797883185,
                0.5114715409655581,
                0.35
            ],
            "fujifilm_pro_400h": [
                0.6640535012837917,
                0.5102371101366843,
                0.35
            ],
            "fujifilm_c200_auc": [
                0.839931143497052,
                0.6627519883032833,
                0.35
            ],
            "fujifilm_xtra_400_auc": [
                0.6922605907406515,
                0.5155335118503231,
                0.35
            ]
        }
    },
    "kodak_portra_endura_uc": {
        "TH-KG3-L": {
            "kodak_ektar_100_auc": [
                0.8282269271123136,
                0.7647386698204314,
                0.35
            ],