{
    "kodak_endura_premier": {
        "TH-KG3-L": {
            "kodak_ektar_100": [
                0.873319533175543,
                0.8688645167117607,
                0.35
            ],
            "kodak_portra_160": [
                0.8401435012998448,
                0.7593505100137559,
                0.35
            ],
            "kodak_portra_400": [
                0.8044936049367731,
                0.7206106767849181,
                0.35
            ],
            "kodak_portra_800": [
                0.8696349580447909,
                0.7538429557588517,
                0.35
            ],
            "kodak_portra_800_push1": [
                0.8948225710190018,
                0.7797730540614298,
                0.35
            ],
            "kodak_portra_800_push2": [
                0.8963587020650118,
                0.7557777959766794,
                0.35
            ],
            "kodak_gold_200": [
                0.806496420659927,
                0.7034580186620456,
                0.35
            ],
            "kodak_ultramax_400": [
                0.8140281696095966,
                0.7372854782925244,
                0.35
            ],
            "kodak_vision3_50d": [
                0.6949757873788734,
                0.5286569895220166,
                0.35
            ],
            "kodak_vision3_250d": [
                0.7151914372108761,
                0.5809841869830406,
                0.35
            ],
            "kodak_vision3_200t": [
                0.7505201983413341,
                0.557595374392082,
                0.35
            ],
            "kodak_vision3_500t": [
                0.7093445843395831,
                0.5485437948708817,
                0.35
            ],
            "fujifilm_pro_400h": [
                0.7248348609099685,
                0.6384945840925039,
                0.35
            ],
            "fujifilm_c200": [
                0.8509456986112245,
                0.7563641150864656,
                0.35
            ],
            "fujifilm_xtra_400": [
                0.7416326488712494,
                0.5729362295037616,
                0.35
            ],
            "kodak_ektachrome_100": [
                0.9594373611340699,
                0.8759354781179419,
                0.35
            ],
            "kodak_kodachrome_64": [
                0.9697260736595291,
                0.9081299451713075,
                0.35
            ],
            "fujifilm_velvia_100": [
                0.9458457711485485,
                0.8121552644265153,
                0.35
            ],
            "fujifilm_provia_100f": [
                0.9470148995979119,
                0.8483529822162542,
                0.35
            ]
        }
    },
    "kodak_ektacolor_edge": {
        "TH-KG3-L": {
            "kodak_ektar_100": [
                0.9380685507415595,
                0.919351351571132,
                0.35
            ],
            "kodak_portra_160": [
                0.9237165650963239,
                0.8533787859113049,
                0.35
            ],
            "kodak_portra_400": [
                0.9047766251183693,
                0.8265212680088996,
                0.35
            ],
            "kodak_portra_800": [
                0.938117151972134,
                0.8516717928567492,
                0.35
            ],
            "kodak_portra_800_push1": [
                0.9497676748049573,
                0.8661307285110483,
                0.35
            ],
            "kodak_portra_800_push2": [
                0.9504831925996953,
                0.8512483280495076,
                0.35
            ],
            "kodak_gold_200": [
                0.905316391294862,
                0.8163618750051562,
                0.35
            ],
            "kodak_ultramax_400": [
                0.9088114424466227,
                0.8369258008809357,
                0.35
            ],
            "kodak_vision3_50d": [
                0.8246425363759251,
                0.6548029239831651,
                0.35
            ],
            "kodak_vision3_250d": [
                0.8365161664278314,
                0.6930938045630441,
                0.35
            ],
            "kodak_vision3_200t": [
                0.8569429366090724,
                0.676100047063829,
                0.35
            ],
            "kodak_vision3_500t": [
                0.8326940681812736,
                0.6686682055685601,
                0.35
            ],
            "fujifilm_pro_400h": [
                0.8508411254440147,
                0.7509402456429035,
                0.35
            ],
            "fujifilm_c200": [
                0.9189305564897544,
                0.8334413487266059,
                0.35
            ],
            "fujifilm_xtra_400": [
                0.8553722664306743,
                0.6984923183635842,
                0.35
            ],
            "kodak_ektachrome_100": [
                0.9811981809091359,
                0.9264733482938681,
                0.35
            ],
            "kodak_kodachrome_64": [
                0.9871401129087893,
                0.9483322804596641,
                0.35
            ],
            "fujifilm_velvia_100": [
                0.9721070281708317,
                0.8781788477327387,
                0.35
            ],
            "fujifilm_provia_100f": [
                0.9702301995716283,
                0.8919464545989829,
                0.35
            ]
        }
    },
    "kodak_supra_endura": {
        "TH-KG3-L": {
            "kodak_ektar_100": [
                0.8340949366226266,
                0.7413788827892044,
                0.35
            ],
            "kodak_portra_160": [
                0.8229292499252803,
                0.5072733360996537,
                0.35
            ],
            "kodak_portra_400": [
                0.7893253421291743,
                0.37909446998547214,
                0.35
            ],
            "kodak_portra_800": [
                0.8092715499993629,
                0.5817224654540015,
                0.35
            ],
            "kodak_portra_800_push1": [
                0.844790651581959,
                0.6154743481158446,
                0.35
            ],
            "kodak_portra_800_push2": [
                0.8468962733266243,
                0.574696476123598,
                0.35
            ],
            "kodak_gold_200": [
                0.7678456986239681,
                0.5435640317053628,
                0.35
            ],
            "kodak_ultramax_400": [
                0.7559774387630511,
                0.5906497673072861,
                0.35
            ],
            "kodak_vision3_50d": [
                0.6779238324243453,
                0.3394654564924367,
                0.35
            ],
            "kodak_vision3_250d": [
                0.6915422436708532,
                0.36416193055406104,
                0.35
            ],
            "kodak_vision3_200t": [
                0.739203905353257,
                0.2636468141874079,
                0.35
            ],
            "kodak_vision3_500t": [
                0.693867748243432,
                0.27980184539753133,
                0.35
            ],
            "fujifilm_pro_400h": [
                0.6812843104526641,
                0.5132216073255513,
                0.35
            ],
            "fujifilm_c200": [
                0.840078514310474,
                0.6709844760912866,
                0.35
            ],
            "fujifilm_xtra_400": [
                0.7155867795844464,
                0.5455526300814976,
                0.35
            ],
            "kodak_ektachrome_100": [
                0.9483998291159805,
                0.8443512841567296,
                0.35
            ],