{
    "kodak_endura_premier": {
        "TH-KG3-L": {
            "kodak_ektar_100": [
                0.0,
                84.06566260006933,
                75.91674164547666
            ],
            "kodak_portra_160": [
                0.0,
                57.645818380733786,
                66.03134981531794
            ],
            "kodak_portra_400": [
                0.0,
                51.22025871042883,
                57.34527105495374
            ],
            "kodak_portra_800": [
                0.0,
                56.79345475526347,
                74.77428295143652
            ],
            "kodak_portra_800_push1": [
                0.0,
                61.46793585709204,
                84.11730589988109
            ],
            "kodak_portra_800_push2": [
                0.0,
                56.847335226569804,
                84.79005832794553
            ],
            "kodak_gold_200": [
                0.0,
                49.06507086359516,
                57.800148608747165
            ],
            "kodak_ultramax_400": [
                0.0,
                54.21027142612492,
                59.4307797926361
            ],
            "kodak_vision3_50d": [
                0.0,
                29.123190558929313,
                37.99215198967911
            ],
            "kodak_vision3_250d": [
                0.0,
                34.252777661714475,
                41.01291161625671
            ],
            "kodak_vision3_200t": [
                0.0,
                31.482135632910165,
                46.853479567014
            ],
            "kodak_vision3_500t": [
                0.0,
                30.728605714576695,
                40.12679270459943
            ],
            "fujifilm_pro_400h": [
                0.0,
                40.400239081625664,
                42.375900243250925
            ],
            "fujifilm_c200": [
                0.0,
                57.3553451320158,
                69.1603925098316
            ],
            "fujifilm_xtra_400": [
                0.0,
                33.42958025150634,
                45.221846179072315
            ],
            "kodak_ektachrome_100": [
                0.0,
                90.85347212825366,
                123.17418347475596
            ],
            "kodak_kodachrome_64": [
                0.0,
                99.79713461621886,
                132.7821193963448
            ],
            "fujifilm_velvia_100": [
                0.0,
                76.59322801791018,
                117.31221528514891
            ],
            "fujifilm_provia_100f": [
                0.0,
                81.12748339569352,
                115.21399708208942
            ]
        }
    },
    "kodak_ektacolor_edge": {
        "TH-KG3-L": {
            "kodak_ektar_100": [
                0.0,
                90.19957574489978,
                80.06671940149177
            ],
            "kodak_portra_160": [
                0.0,
                63.92542060681852,
                71.18565192159107
            ],
            "kodak_portra_400": [
                0.0,
                56.72800041534941,
                61.686100605826425
            ],
            "kodak_portra_800": [
                0.0,
                63.47919058916815,
                79.99638537017768
            ],
            "kodak_portra_800_push1": [
                0.0,
                67.65122552169039,
                88.87597598909936
            ],
            "kodak_portra_800_push2": [
                0.0,
                62.83874255050578,
                89.43055040035897
            ],
            "kodak_gold_200": [
                0.0,
                54.915807207853426,
                61.91241461444422
            ],
            "kodak_ultramax_400": [
                0.0,
                59.9072324211263,
                63.46275955541403
            ],
            "kodak_vision3_50d": [
                0.0,
                28.015660504483773,
                35.200218543434175
            ],
            "kodak_vision3_250d": [
                0.0,
                33.07695097712842,
                38.388588881698304
            ],
            "kodak_vision3_200t": [
                0.0,
                30.085908183113972,
                44.244260957761874
            ],
            "kodak_vision3_500t": [
                0.0,
                29.393474951795334,
                37.367949101136944
            ],
            "fujifilm_pro_400h": [
                0.0,
                41.90973606799623,
                42.17098680701213
            ],
            "fujifilm_c200": [
                0.0,
                59.09803337656034,
                68.86903333698032
            ],
            "fujifilm_xtra_400": [
                0.0,
                34.12645725203437,
                43.59082532024102
            ],
            "kodak_ektachrome_100": [
                0.0,
                98.001372709782,
                128.3597892362137
            ],
            "kodak_kodachrome_64": [
                0.0,
                108.88212221386765,
                140.31224748578404
            ],
            "fujifilm_velvia_100": [
                0.0,
                80.01084844971152,
                118.39842264019217
            ],
            "fujifilm_provia_100f": [
                0.0,
                80.71806174055337,
                113.00754922044975
            ]
        }
    },
    "kodak_supra_endura": {
        "TH-KG3-L": {
            "kodak_ektar_100": [
                0.0,
                86.44853417809486,
                67.76278740836709
            ],
            "kodak_portra_160": [
                0.0,
                54.45825047873535,
                65.62506790150829
            ],
            "kodak_portra_400": [
                0.0,
                44.28959240084515,
                58.43661404131018
            ],
            "kodak_portra_800": [
                0.0,
                66.78541509998074,
                61.90320549943122
            ],
            "kodak_portra_800_push1": [
                0.0,
                70.18643727040286,
                71.16181189548175
            ],
            "kodak_portra_800_push2": [
                0.0,
                65.47032154667977,
                72.04821608252955
            ],
            "kodak_gold_200": [
                0.0,
                61.33773491456108,
                53.414916980793656
            ],
            "kodak_ultramax_400": [
                0.0,
                67.99671844254657,
                51.09777384781768
            ],
            "kodak_vision3_50d": [
                0.0,
                44.871543100590436,
                38.84423510252872
            ],
            "kodak_vision3_250d": [
                0.0,
                46.460155061155916,
                40.622495838809684
            ],
            "kodak_vision3_200t": [
                0.0,
                38.23106624863241,
                48.24651984663066
            ],
            "kodak_vision3_500t": [
                0.0,
                39.85030185610216,
                41.02115549965579
            ],
            "fujifilm_pro_400h": [
                0.0,
                59.71587048379352,
                39.08223485749886
            ],
            "fujifilm_c200": [
                0.0,
                73.95050447617612,
                68.85087284342458
            ],
            "fujifilm_xtra_400": [
                0.0,
                63.422739384300286,
                43.86104458732244
            ],
            "kodak_ektachrome_100": [
                0.0,
                105.60774935154522,
                115.55758956034455
            ],
            "kodak_kodachrome_64": [
                0.0,
                134.2397913776287,
                101.6464512922264
            ],